{
  "gap_no_rotation_mean": 0.017047286431948628,
  "gap_with_rotation_mean": 0.022571983554856463,
  "positive_gap_heads": 1152,
  "total_heads": 1152
}