{
  "config": {
    "target_subspaces": [
      59,
      60,
      61,
      62,
      63
    ],
    "rotation_angle": 0.2,
    "head_dim": 128,
    "num_samples": 100,
    "synthetic": true
  },
  "theoretical_predictions": {
    "0_0": 1.0,
    "0_1": 0.9800665778412416,
    "0_2": 0.9210609940028851,
    "1_0": 0.9800665778412416,
    "1_1": 1.0,
    "1_2": 0.9800665778412416,
    "2_0": 0.9210609940028851,
    "2_1": 0.9800665778412416,
    "2_2": 1.0
  },
  "measured_stats": {
    "0_0": {
      "mean": 1.0,
      "var": 0.0,
      "n_samples": 3200
    },
    "0_1": {
      "mean": 0.9800317682259192,
      "var": 3.5440221236117646e-06,
      "n_samples": 3200
    },
    "0_2": {
      "mean": 0.9209927069487158,
      "var": 1.3616587681091136e-05,
      "n_samples": 3200
    },
    "1_0": {
      "mean": 0.9801013921629178,
      "var": 3.544023276361519e-06,
      "n_samples": 3200
    },
    "1_1": {
      "mean": 1.0,
      "var": 0.0,
      "n_samples": 3200
    },
    "1_2": {
      "mean": 0.9800317117724311,
      "var": 3.5440311817934833e-06,
      "n_samples": 3200
    },
    "2_0": {
      "mean": 0.9211292818088629,
      "var": 1.3616587084770934e-05,
      "n_samples": 3200
    },
    "2_1": {
      "mean": 0.9801014420518325,
      "var": 3.544030862560627e-06,
      "n_samples": 3200
    },
    "2_2": {
      "mean": 1.0,
      "var": 0.0,
      "n_samples": 3200
    }
  },
  "overall_pearson_r": 0.9999990884741375,
  "mean_cross_input_variance": 4.601031356687719e-06,
  "per_layer_correlations": {
    "0": 0.9999869664527979,
    "1": 0.9999968349489249,
    "2": 0.9999976810242539,
    "3": 0.9999879395050673,
    "4": 0.9999952048336087,
    "5": 0.9999741139387834,
    "6": 0.9998966909960405,
    "7": 0.9999926207270625,
    "8": 0.9998821808597813,
    "9": 0.9999759037030385,
    "10": 0.9999978974716884,
    "11": 0.9999966747512522,
    "12": 0.9999881671268871,
    "13": 0.9999998540426797,
    "14": 0.9999629779247543,
    "15": 0.999962892341335,
    "16": 0.9999835406678963,
    "17": 0.9999781936166368,
    "18": 0.9999938688099862,
    "19": 0.9999983159146539,
    "20": 0.9999995672323144,
    "21": 0.9999997960678243,
    "22": 0.9999896749024425,
    "23": 0.999964452800031,
    "24": 0.9999987739621301,
    "25": 0.9999878756221027,
    "26": 0.999997842956763,
    "27": 0.9999858941562594,
    "28": 0.999998097194012,
    "29": 0.9999842841379862,
    "30": 0.9999717867884381,
    "31": 0.9999745726718455
  },
  "best_layer": {
    "layer": 13,
    "r": 0.9999998540426797
  },
  "worst_layer": {
    "layer": 8,
    "r": 0.9998821808597813
  },
  "layers_above_0.9": 32
}