{
  "baseline_ppl": 10.1058854699239,
  "angle_sweep": {
    "0.0100": {
      "angle": 0.01,
      "mean_ppl": 10.106541921342183,
      "std_ppl": 3.050924715839025,
      "relative_change": 6.495733800240204e-05
    },
    "0.0500": {
      "angle": 0.05,
      "mean_ppl": 10.110122660075033,
      "std_ppl": 3.04528194513389,
      "relative_change": 0.0004192794549022018
    },
    "0.1000": {
      "angle": 0.1,
      "mean_ppl": 10.151449172048105,
      "std_ppl": 3.053788484445384,
      "relative_change": 0.0045086303678987345
    },
    "0.2000": {
      "angle": 0.2,
      "mean_ppl": 10.305797428892303,
      "std_ppl": 3.0995294686214128,
      "relative_change": 0.019781736055030606
    },
    "0.5000": {
      "angle": 0.5,
      "mean_ppl": 11.2914134525264,
      "std_ppl": 3.371242000248315,
      "relative_change": 0.11731064894122815
    },
    "0.3927": {
      "angle": 0.39269908169872414,
      "mean_ppl": 10.778308544701726,
      "std_ppl": 3.2210133215593872,
      "relative_change": 0.06653776918202996
    },
    "0.7854": {
      "angle": 0.7853981633974483,
      "mean_ppl": 15.619833517409933,
      "std_ppl": 5.322891090016395,
      "relative_change": 0.5456175081239621
    },
    "1.5708": {
      "angle": 1.5707963267948966,
      "mean_ppl": 22.92345249433538,
      "std_ppl": 7.6092944229615185,
      "relative_change": 1.2683269627938896
    }
  },
  "subspace_sweep": {
    "1": {
      "num_subspaces": 1,
      "mean_ppl": 10.437264039787514,
      "std_ppl": 3.1351336489147807,
      "relative_change": 0.03279065163065917
    },
    "2": {
      "num_subspaces": 2,
      "mean_ppl": 10.686147935159235,
      "std_ppl": 3.2047531829057907,
      "relative_change": 0.05741827046845658
    },
    "4": {
      "num_subspaces": 4,
      "mean_ppl": 11.38554147617587,
      "std_ppl": 3.4441771884785832,
      "relative_change": 0.12662482768683175
    },
    "8": {
      "num_subspaces": 8,
      "mean_ppl": 15.619833517409933,
      "std_ppl": 5.322891090016395,
      "relative_change": 0.5456175081239621
    }
  }
}