{
  "baseline_ppl": 10.284006389180671,
  "angle_sweep": {
    "0.0100": {
      "angle": 0.01,
      "mean_ppl": 10.281819459821664,
      "std_ppl": 3.3976831313405187,
      "relative_change": -0.00021265344227210103
    },
    "0.0500": {
      "angle": 0.05,
      "mean_ppl": 10.272983319658387,
      "std_ppl": 3.391672533962887,
      "relative_change": -0.0010718652930711385
    },
    "0.1000": {
      "angle": 0.1,
      "mean_ppl": 10.26748899656425,
      "std_ppl": 3.3954062041162394,
      "relative_change": -0.0016061243051928356
    },
    "0.2000": {
      "angle": 0.2,
      "mean_ppl": 10.287100079735525,
      "std_ppl": 3.4008405222209457,
      "relative_change": 0.00030082542131719284
    },
    "0.5000": {
      "angle": 0.5,
      "mean_ppl": 10.591632216467655,
      "std_ppl": 3.5261583036022994,
      "relative_change": 0.02991303346627853
    },
    "0.3927": {
      "angle": 0.39269908169872414,
      "mean_ppl": 10.412494777750991,
      "std_ppl": 3.4560640560098514,
      "relative_change": 0.012494001239195704
    },
    "0.7854": {
      "angle": 0.7853981633974483,
      "mean_ppl": 13.351463615509552,
      "std_ppl": 4.961050297515111,
      "relative_change": 0.2982745352585555
    },
    "1.5708": {
      "angle": 1.5707963267948966,
      "mean_ppl": 46.25398093572972,
      "std_ppl": 25.50515677473187,
      "relative_change": 3.4976616296535368
    }
  },
  "subspace_sweep": {
    "1": {
      "num_subspaces": 1,
      "mean_ppl": 10.555897647288209,
      "std_ppl": 3.5361324432387757,
      "relative_change": 0.026438262270391186
    },
    "2": {
      "num_subspaces": 2,
      "mean_ppl": 10.630015101366595,
      "std_ppl": 3.5716119050086177,
      "relative_change": 0.03364532256124847
    },
    "4": {
      "num_subspaces": 4,
      "mean_ppl": 11.291859709569433,
      "std_ppl": 3.8766259813420607,
      "relative_change": 0.09800201227500963
    },
    "8": {
      "num_subspaces": 8,
      "mean_ppl": 13.351463615509552,
      "std_ppl": 4.961050297515111,
      "relative_change": 0.2982745352585555
    }
  }
}