{
  "normal": {
    "0": {
      "mean": 0.8613635169482137,
      "std": 0.010555980308643829,
      "ci_low": 0.8521107922488171,
      "ci_high": 0.8706162416476102,
      "fold_scores": [
        0.8402515723270441,
        0.8666666666666667,
        0.8666331152491192,
        0.8666331152491192,
        0.8666331152491192
      ]
    },
    "1": {
      "mean": 0.9983899371069181,
      "std": 0.0032201257861635304,
      "ci_low": 0.9955673724065652,
      "ci_high": 1.001212501807271,
      "fold_scores": [
        0.9919496855345912,
        1.0,
        1.0,
        1.0,
        1.0
      ]
    },
    "4": {
      "mean": 1.0,
      "std": 0.0,
      "ci_low": 1.0,
      "ci_high": 1.0,
      "fold_scores": [
        1.0,
        1.0,
        1.0,
        1.0,
        1.0
      ]
    },
    "8": {
      "mean": 1.0,
      "std": 0.0,
      "ci_low": 1.0,
      "ci_high": 1.0,
      "fold_scores": [
        1.0,
        1.0,
        1.0,
        1.0,
        1.0
      ]
    },
    "12": {
      "mean": 1.0,
      "std": 0.0,
      "ci_low": 1.0,
      "ci_high": 1.0,
      "fold_scores": [
        1.0,
        1.0,
        1.0,
        1.0,
        1.0
      ]
    },
    "16": {
      "mean": 1.0,
      "std": 0.0,
      "ci_low": 1.0,
      "ci_high": 1.0,
      "fold_scores": [
        1.0,
        1.0,
        1.0,
        1.0,
        1.0
      ]
    },
    "20": {
      "mean": 1.0,
      "std": 0.0,
      "ci_low": 1.0,
      "ci_high": 1.0,
      "fold_scores": [
        1.0,
        1.0,
        1.0,
        1.0,
        1.0
      ]
    },
    "24": {
      "mean": 1.0,
      "std": 0.0,
      "ci_low": 1.0,
      "ci_high": 1.0,
      "fold_scores": [
        1.0,
        1.0,
        1.0,
        1.0,
        1.0
      ]
    },
    "28": {
      "mean": 1.0,
      "std": 0.0,
      "ci_low": 1.0,
      "ci_high": 1.0,
      "fold_scores": [
        1.0,
        1.0,
        1.0,
        1.0,
        1.0
      ]
    },
    "32": {
      "mean": 1.0,
      "std": 0.0,
      "ci_low": 1.0,
      "ci_high": 1.0,
      "fold_scores": [
        1.0,
        1.0,
        1.0,
        1.0,
        1.0
      ]
    },
    "35": {
      "mean": 1.0,
      "std": 0.0,
      "ci_low": 1.0,
      "ci_high": 1.0,
      "fold_scores": [
        1.0,
        1.0,
        1.0,
        1.0,
        1.0
      ]
    }
  },
  "pi_success": {
    "0": {
      "mean": 0.8408244680851065,
      "std": 0.007094137589547396,
      "ci_low": 0.8346061823194564,
      "ci_high": 0.8470427538507566,
      "fold_scores": [
        0.8537234042553191,
        0.8371010638297872,
        0.8324468085106383,
        0.8410904255319149,
        0.8397606382978723
      ]
    },
    "1": {
      "mean": 0.9990691489361702,
      "std": 0.0003257300189871201,
      "ci_low": 0.9987836339859812,
      "ci_high": 0.9993546638863591,
      "fold_scores": [
        0.9986702127659575,
        0.9993351063829787,
        0.9986702127659575,
        0.9993351063829787,
        0.9993351063829787
      ]
    },
    "4": {
      "mean": 1.0,
      "std": 0.0,
      "ci_low": 1.0,
      "ci_high": 1.0,
      "fold_scores": [
        1.0,
        1.0,
        1.0,
        1.0,
        1.0
      ]
    },
    "8": {
      "mean": 1.0,
      "std": 0.0,
      "ci_low": 1.0,
      "ci_high": 1.0,
      "fold_scores": [
        1.0,
        1.0,
        1.0,
        1.0,
        1.0
      ]
    },
    "12": {
      "mean": 1.0,
      "std": 0.0,
      "ci_low": 1.0,
      "ci_high": 1.0,
      "fold_scores": [
        1.0,
        1.0,
        1.0,
        1.0,
        1.0
      ]
    },
    "16": {
      "mean": 0.9997340425531915,
      "std": 0.0005319148936170137,
      "ci_low": 0.9992677985919256,
      "ci_high": 1.0002002865144575,
      "fold_scores": [
        1.0,
        1.0,
        1.0,
        1.0,
        0.9986702127659575
      ]
    },
    "20": {
      "mean": 0.9997340425531915,
      "std": 0.0005319148936170137,
      "ci_low": 0.9992677985919256,
      "ci_high": 1.0002002865144575,
      "fold_scores": [
        1.0,
        1.0,
        1.0,
        1.0,
        0.9986702127659575
      ]
    },
    "24": {
      "mean": 0.9997340425531915,
      "std": 0.0005319148936170137,
      "ci_low": 0.9992677985919256,
      "ci_high": 1.0002002865144575,
      "fold_scores": [
        1.0,
        1.0,
        1.0,
        1.0,
        0.9986702127659575
      ]
    },
    "28": {
      "mean": 0.9993351063829788,
      "std": 0.001030048762289192,
      "ci_low": 0.9984322288343526,
      "ci_high": 1.0002379839316051,
      "fold_scores": [
        1.0,
        0.9993351063829787,
        1.0,
        1.0,
        0.9973404255319149
      ]
    },
    "32": {
      "mean": 0.9996010638297872,
      "std": 0.0005319148936170137,
      "ci_low": 0.9991348198685213,
      "ci_high": 1.0000673077910531,
      "fold_scores": [
        0.9993351063829787,
        1.0,
        1.0,
        1.0,
        0.9986702127659575
      ]
    },
    "35": {
      "mean": 0.9997340425531915,
      "std": 0.00032573001898712013,
      "ci_low": 0.9994485276030026,
      "ci_high": 1.0000195575033803,
      "fold_scores": [
        1.0,
        0.9993351063829787,
        0.9993351063829787,
        1.0,
        1.0
      ]
    }
  },
  "pi_fail": {
    "0": {
      "mean": 0.8411365952945186,
      "std": 0.006505565165178313,
      "ci_low": 0.8354342160054924,
      "ci_high": 0.8468389745835447,
      "fold_scores": [
        0.844189852700491,
        0.8287491814014407,
        0.8408644400785854,
        0.8447937131630648,
        0.8470857891290111
      ]
    },
    "1": {
      "mean": 0.9969881360818953,
      "std": 0.0033150243810440203,
      "ci_low": 0.9940823890955666,
      "ci_high": 0.999893883068224,
      "fold_scores": [
        0.9911620294599018,
        0.9954158480681073,
        0.9996725605762934,
        0.9996725605762934,
        0.9990176817288802
      ]
    },
    "4": {
      "mean": 1.0,
      "std": 0.0,
      "ci_low": 1.0,
      "ci_high": 1.0,
      "fold_scores": [
        1.0,
        1.0,
        1.0,
        1.0,
        1.0
      ]
    },
    "8": {
      "mean": 0.9994762041035502,
      "std": 0.0006740620743080887,
      "ci_low": 0.9988853626448209,
      "ci_high": 1.0000670455622795,
      "fold_scores": [
        0.9983633387888707,
        0.9990176817288802,
        1.0,
        1.0,
        1.0
      ]
    },
    "12": {
      "mean": 0.9993452497703637,
      "std": 0.0008281601521366494,
      "ci_low": 0.9986193353909615,
      "ci_high": 1.000071164149766,
      "fold_scores": [
        0.9980360065466448,
        0.9986902423051736,
        1.0,
        1.0,
        1.0
      ]
    },
    "16": {
      "mean": 0.999803536345776,
      "std": 0.00039292730844793234,
      "ci_low": 0.999459120374389,
      "ci_high": 1.000147952317163,
      "fold_scores": [
        1.0,
        0.9990176817288802,
        1.0,
        1.0,
        1.0
      ]
    },
    "20": {
      "mean": 1.0,
      "std": 0.0,
      "ci_low": 1.0,
      "ci_high": 1.0,
      "fold_scores": [
        1.0,
        1.0,
        1.0,
        1.0,
        1.0
      ]
    },
    "24": {
      "mean": 1.0,
      "std": 0.0,
      "ci_low": 1.0,
      "ci_high": 1.0,
      "fold_scores": [
        1.0,
        1.0,
        1.0,
        1.0,
        1.0
      ]
    },
    "28": {
      "mean": 0.9996071798730328,
      "std": 0.0006347185573874282,
      "ci_low": 0.9990508245274005,
      "ci_high": 1.0001635352186653,
      "fold_scores": [
        0.9983633387888707,
        0.9996725605762934,
        1.0,
        1.0,
        1.0
      ]
    },
    "32": {
      "mean": 0.999607201309329,
      "std": 0.0007855973813420736,
      "ci_low": 0.9989185948434594,
      "ci_high": 1.0002958077751987,
      "fold_scores": [
        0.9980360065466448,
        1.0,
        1.0,
        1.0,
        1.0
      ]
    },