{
  "fp8": {
    "0.1000": {
      "angle": 0.1,
      "mean_gap": 0.017458023503422737,
      "std_gap": 0.00870486255735159,
      "type_capacity": 8
    },
    "0.2000": {
      "angle": 0.2,
      "mean_gap": 0.017965080216526985,
      "std_gap": 0.009494366124272346,
      "type_capacity": 8
    },
    "0.3927": {
      "angle": 0.39269908169872414,
      "mean_gap": 0.019053876399993896,
      "std_gap": 0.010368091985583305,
      "type_capacity": 8
    },
    "0.7854": {
      "angle": 0.7853981633974483,
      "mean_gap": 0.022571982815861702,
      "std_gap": 0.011776379309594631,
      "type_capacity": 8
    },
    "1.5708": {
      "angle": 1.5707963267948966,
      "mean_gap": 0.030626066029071808,
      "std_gap": 0.01386217586696148,
      "type_capacity": 8
    }
  }
}